isEdited,rating,userName,date,review,title,developerResponse
False,5,Dr. Alec Harvey,2019-04-26 13:00:39,"I did quite a bit of research into money transfer apps and platforms and TransferWise seemed to meet all my needs. I opened a Borderless account and have now used it to make several transactions‚Äîmoving funds between various onshore accounts and converting between currencies.  Unless I‚Äôm missing something, the platform, the process and the app all work flawlessly.

With just a few clicks my money is moved into my Borderless account in one country, converted from one currency to another, and moved into an external account in a different country.  The fees are low and I get the forex spot rate not some 5 or 6 pt spread between buying and selling that pays criminally high broker fees; I‚Äôve saved literally hundreds of USD on one transaction alone.

With some platforms you pay more to get an easy process; with others the cost is low but you have to jump through a lot of hoops. TransferWise is that rare situation where the process is easy AND the cost structure is low. I love it, easiest 5-stars I‚Äôve given in a long while.",Exceptionally effective way to manage funds internationally,
False,4,Lanni88,2019-10-15 11:08:11,"I‚Äôve availed TransferWise service for several years now and had great results. Although recently I had an unusually untimely transfer (4 days). In addition I was a bit confused by the overly long estimated time conveyed by TransferWise on a subsequent transfer (6 days) but after submitting the transfer and to my surprise I received the funds in less than two hours, which is about the speed in which I normally receive the funds. I want to clarify my previously poor feedback toward TransferWise. The service I have received is for the most part Great! My only complaint is the recent estimate for the completed transfer. I understand your companies position that it would be better to over estimate the transfer timeframe and deliver the funds earlier than proposed, and I‚Äôm trying to wrap my head around that logic because that works great for most people I‚Äôm sure. But... in my situation an estimate of 6 days for a Debit/ACH transfer leaves me wanting to initiate my transfer 5 days early, but If the transfer completes in only a few hours it then creates another issue with my billing cycle at my bank and fees. Overall I rate your service as highly recommended. I will just have to cross my fingers and hope the funds arrive as they have in the past. 
Thank you,

Lon",Efficiency of TransferWise,
False,1,Badbluesman,2021-01-16 19:05:29,"I spent hours over the weekend trying to add a new recipient. However the app would never accept the person‚Äôs street address. After trying 8 or 9 versions of the address, I finally closed the app and reopened and started all over (a very time consuming process). I finally was about to set up my new recipient. The next roadblock came when I tried to send money to that recipient. I already had a bank account linked to another recipient, but apparently you have to set up your own bank all over again with each new recipient. I did this. The transfer appeared to be underway, but was flagged. An email said that it ‚Äúneeded attention.‚Äù When I tried to go to that transfer, I got stuck in an endless merry-go-round in which it would say you must go to TransferWise online to solve the problem. When I did, it just sent me back where I started. After repeating this 5 or 6 times, I tried closing the app and reopening it to no avail: the merry-go-round continued. And of course THERE IS NO PHONE SUPPORT ON WEEKENDS, so you are completely out of luck. I still don‚Äôt know the status of my last attempted transfer. I don‚Äôt even know if the money was debited from my account or not! In the future I will be taking my money transfer business elsewhere. I would NOT recommend TransferWise to anyone. There are plenty of other services to choose from.","Good service, horrible app!","{'id': 20505318, 'body': ""Hi there. Sorry to hear you didn't have the best experience while using us. It's never our intention to keep you going in circles, and we always do our best to fix any issues that you might face along the way. While we're not available on phones over the weekend, you can also reach us by email or on our social media platforms, and we'll get back to you as fast as we can. We'd like to take a closer look to understand better what happened and update you on your transfer. If you haven't yet, please reach us out from here: https://wi.se/contactus_. Thank you, Jackie at TransferWise. "", 'modified': '2021-01-19T14:02:31Z'}"
False,4,Tomaszy,2019-01-18 07:58:28,"I have very few complaints with TransferWise and this app. It generally works as advertised and I have used it for a number of months now with few problems. One glitch is TransferWise‚Äôs interface with banks (U.S., at least), which sometimes does not recognize your account has been verified and asks to reverify it by confirming a couple of micro-deposits - a process which can take several days. However, if you cancel the transfer which prompted the request to reverify, then try it again, this has always resulted in a successful transfer on the second attempt for me. Both the app and desktop version of TransferWise also have trouble sometimes dealing with verification questions used by many banks. One additional feature which would be useful for the app (essential, in my opinion, for a 5-star rating) is the ability to download a pdf receipt for a transfer, showing all relevant account information and date/time of the transfer events, as you can from the desktop web site. Despite the above issues, I‚Äôm satisfied with my experience and TransferWise is an excellent alternative to international bank wires, especially for smaller amounts.","App works well, needs a couple features",
False,3,fijiwateryum,2022-01-18 19:25:34,"I‚Äôve used this app many times over the few years to internationally send money to family- it has always been great until recently. The ‚Äúmandatory form‚Äù required to sign yearly and to every new recipient is from a 3rd party ‚ÄúExchange4Free,‚Äù which takes forever to actually email the form and this results in complications with the transfer, which of late, has resulted in having to cancel transfers. I don‚Äôt think these ‚ÄúWise‚Äù and ‚ÄúExchange4Free‚Äù are in proper communication, which makes me think that wise (to maintain its credibility) has no idea how long the forms really take to reach recipients. When contacting wise, their customer service has always been awfully bad- no real interest in assisting clients and no real help whatsoever, leaving you with no option but to cancel transactions. I really enjoyed using this app in the past and hope that major improvements are made as I am very tempted to find a different company for my international transfers. It is supposed to be a ‚Äúquick and easy‚Äù way to send money but has taken weeks, which makes one consider using your actual bank- even their steep fees would be worth the hassle.",App quality and results have declined significantly!,"{'id': 28060486, 'body': ""Hello there,\n\nWe aim to complete all transfers as fast as possible, but we're a regulated financial institution, and we need to comply with local regulations.  This is when our partner bank might require additional information from their side as well. \n\nThis is a routine procedure to help us ensure we‚Äôre keeping our platform safe for everyone using (including you) while complying with local regulations. \n\n\r\nDo keep in mind, we always make sure to update you along the way, and you‚Äôll know the status of your transfer at all times. \n\nWise."", 'modified': '2022-02-15T11:46:16Z'}"
False,1,DaMarCas,2021-10-20 06:23:46,"I used wise for over a year, worked good for me. Until two weeks ago when I received a payment with the concept ‚ÄúPayment Venezuela‚Äù and they just shutted down my account and retained all my money because no transaction can be made related to Venezuela. And it‚Äôs ok that policy, I get it. But didn‚Äôt even ask me for an explanation‚Ä¶ I am not doing business related to that country, I work as a freelancer currently living in Italy and the transfer was made from a guy in Spain that has a Instagram page about that country. So I don‚Äôt know how am I breaking the rules. But as I said, no explanation was asked. So my account was closed and didn‚Äôt even receive an email or a call‚Ä¶ nothing. None contacted me to inform me that my balance was closed. I had to call and received the notice that was closed and that I can‚Äôt appeal to reopen the balance. At that point I just wanted my money back. But, when I tried to fulfill the file to request my money, it wouldn‚Äôt let me. So I sent my info via email two weeks ago and the costumer service lady said that the info (my bank account details) would be forwarded to the proper team and up to date nothing has happened. I‚Äôve sent several emails and no answer has been made. I need my money back and it‚Äôs impossible‚Ä¶",Disappointing,"{'id': 25903177, 'body': 'We hear your concern, but rest assured your money is safe, and you‚Äôll be updated about your refund as soon as possible. \r\n\r\nWhen an account is closed with balances, we need to carry due diligence checks first. These checks can take approximately 60 working days (you can‚Äôt count weekends or holidays), and you‚Äôll be reached as soon as everything is done from our side. \r\nWise.', 'modified': '2021-10-26T11:43:20Z'}"
False,5,GT-Marenti,2021-03-26 13:24:11,"I‚Äôll speak solely with what I have used Wise for.
In my case, I found this app looking for an efficient method to transfer money between my USD and EUR accounts. 
I live in Spain, but I used to live in the US. I constantly need to transfer USD to EUR for my everyday expenditures here in Spain, but I also need to transfer EUR to USD because of stuff that I still pay with my US credit cards.
Wise has been my solution for that. And how magnificent has it been.

The interface is great and easy to understand. The pairing with my Bank Accounts was fast and easy. It remembers the previous transactions that I‚Äôve made in case I want to repeat the same amounts, I can do it with just 2 taps. And it ALWAYS gives me the best rates. I often check the current official price of USD to EUR (or viceversa), and Wise‚Äôs exchange rate is always extremely close to it. Which is great. It means you save more money.

I‚Äôve also had to contact Customer Support once in the 6 months I‚Äôve used Wise, and my experience was great. I really have no complaints in regards to the customer service experience. I called with a problem, and they gave me a solution on the spot in just 15 minutes. Good stuff!

I‚Äôm very much looking forward to recommend and keep using Wise for currency exchange between my accounts in the foreseeable future! 
If what you were looking for is a service that allows you to do exactly this, then look no further üëçüèº",Excellent if you have bank accounts in different currencies,
False,5,MPS71717373,2019-10-01 07:50:16,"I‚Äôve used the app 6 times over the last 5 months the send money from the US to Thailand. 5 of the 6 times the money was sent within hours of them notifying me they had transferred the money to my account. On the 6th time there was a delay of about 24 hours which is still quite fast.
I would like to add that the notification/receipt they send is based on their bank setting up the transfer. However, that bank my still take some time to actually transfer the money. In my case the first 5 transfers happened within an hour or so of the notifications being sent. The delay on the 6th transfer had me initially concerned. I contacted my bank and the transferring bank and both said the transfer could take up to 7 days based on the banks policies. If you don‚Äôt see the money right away after you get the notification/receipt it might take a day or two for the transfer to complete.
Best regards.",Quick and easy,
True,4,AndreaD_house_hunter,2021-07-23 07:28:23,"In the last few years I had no problems at all transferring many larger amounts than this.  Two transfers from the US in earlier April went smoothly in about two days ‚Äî to 2 separate accounts in Turkey. But then the 3rd transfer took forever and is still in limbo today. The app said on April 19 the money would be transferred (no time mentioned). But the Safari web page on my iPhone said 2 pm local time and then later it said 5 pm that it would be done. The link to my recipient says yet another time ‚Äî early this morning!

I discovered who the culprit was. It was the Turkish bank. They didn‚Äôt like one of the words used in my note about the transaction ‚Äî yet they never contacted the recipient of the money about why they were putting a freeze on the funds. As a result we had to spend another 5 days in the hotel. Trying to close on a property purchase was impossible until we went to one of their branches and explained the transaction. Then they unlocked the funds.","Slow transfer, but was ultimately resolved","{'id': 22371515, 'body': ""Hello there,\n\nSorry to hear about your experience. While we aim to complete all transfers as fast as possible, there are times we'll need to carry extra checks on it, and even though this isn't our intention, delays can happen. Rest assured that we'll always keep you updated along the way. \n\nIf you haven't yet, please reach us at https://wi.se/contactus_, and we'll take a closer look.\n\nAll the best,\nWise Team."", 'modified': '2021-07-23T07:28:23Z'}"
False,1,sanbr87,2020-03-19 18:12:25,"So I have this account for a long time. I got married and I don‚Äôt have my marriage name on my passaport a couple monthly ago they asked me to verify that. A send my drive licenses with my my actual married name on it after that a got my account working... a couple of days ago I needed send money to my family in another country and for my surprise I couldn‚Äôt get it done because they were asking for me to verify my account again. I call them and send my marriege certificate and other documents. So they send me a email telling image quality wasn‚Äôt good enough. Ok! I call them AGAIN! and send the files, the person that was in the call told me that the files was good quality and it shouldn‚Äôt be a problem anymore. Couple of hours later I got another email saying that they could not verify my account and I should send my documents AGAIN!. 
Look a don‚Äôt know what is going on! It looks you guys are holding the accounts for us not to send money right now. It‚Äôs is pretty bad! I need to send money for my family that are in need because what‚Äôs going on with this Coronavirus.
 I don‚Äôt see this company is helping us customers go though this. I‚Äôm very disappointed.",Problem to verify my account.,"{'id': 14247423, 'body': 'Hi, I am sorry to hear this. Please reach out via email and ask for the email to be forwarded to me (Roushine). I will look into this issue personally.\n-Ro', 'modified': '2020-03-25T19:10:21Z'}"
False,3,Ricky1066,2022-01-19 03:29:47,"I have used Wise for the past 18 months, and its utility has dropped in the past six months or so. Previously, a transfer from the United States to Thailand would be accomplished within hours, and sometimes within minutes. But now, even the most minor transfer takes days. That is so despite the fact that at each step of the transfer process, the Wise app tells me my money should arrive ‚Äúin seconds.‚Äú But when all the inputs have been made and you actually hit submit, suddenly you are advised that your money will not arrive for two or three days. It‚Äôs like a bait and switch.

 Moreover, for many of us living in other countries, it is important that the money be received as a ‚Äúforeign funds transfer‚Äú for immigration or visa purposes. But using wise you never know whether the money will be received as a foreign funds transfer or a domestic intra-bank transfer. For both of these reasons, I have tended to use a normal wire transfer from my American bank to send money to Thailand because I just cannot rely on Wise anymore.",Unpredictable and unreliable,"{'id': 28060522, 'body': ""Hello there,\n\nWe aim to complete all transfers as fast as possible, but delays can happen for different reasons. It could be because the transfer was set up closer to the weekend/holidays, or because we needed to carry extra checks. \r\n\nWe work with partner banks, and that's why your money is actually moved locally, and we consider those as domestic transactions.\n\nWise."", 'modified': '2022-02-15T11:48:41Z'}"
False,1,Navyman21,2022-02-23 16:56:31,"When you call their phone number, you get a rep in a foreign country that has very limited ability to do anything !! Basically, they‚Äôre just incompetent script readers. They‚Äôre technology doesn‚Äôt work !! I can‚Äôt even get simple ‚Äúpush notifications‚Äù on my phone and their own reps confirmed my notifications are set up correctly. And I have a BRAND NEW IPHONE 13 !! So it‚Äôs not like I have outdated technology or something ?? Called 3 times over a week and 1/2 requesting their I.T. department reach out to me for help and nothing !! No follow up, no email, and no phone call !! One of their reps didn‚Äôt even know that ‚Äúpush notifications‚Äù was an option ?!?! Seriously Wise ??? If I can‚Äôt get something as SIMPLE as a push notification to work, do you REALLY think I‚Äôm going to trust you to hold my money ?? Receive my paycheck ?? Or allow you to transfer money to my bank account overseas ??? DEAR WISE, YOU‚ÄôRE A JOKE AND A SCAM !!! And no, I‚Äôm not going to reach out for help on the app or social media‚Ä¶. I tried that 3 times and YOU FAILED !!! I‚Äôm closing my account and  making sure that NOBODY opens an account with you !!! üò°üò° You should NOT be in business !!! You need to be shut down !!!",UNACCEPTABLE !!!,
False,5,SlickVick82,2018-04-25 23:01:58,"I waited for nearly 6 months before writing this review to be sure I was 100% satisfied with Transferwise. 

I move money from London to Mexico, and from London to USA on a monthly basis. I‚Äôm a remote worker who lives between Mexico and the US but work for a London-based company and therefore am paid from London. I use Transferwise (and the London-based account that I‚Äôve setup via Transferwise) to accept my direct deposit and then move my money to my accounts in Mexico or the US, depending on where I am at any given time. This app works rather flawlessly and it has insanely fast times - faster than a normal bank-to-bank transfer at a very, VERY reasonable cost.

This app allows me to send money to any of my accounts to ensure I have money to spend, money in savings, and money in other accounts which I use for bill-pay.

This is an excellent tool that I cannot recommend enough. I‚Äôve had no problems whatsoever and when I called customer service once to inquire about certain types of transfers, they were extremely transparent and down-to-earth.

If you need to transfer money between countries - whether to yourself or others, this is a must-have app. Thanks again, your service is cost-effective and highly valuable to me. A great tool that I cannot say enough about.",Invaluable Tool for Anyone Moving Money Internationally,
False,1,nujabeat,2021-10-07 04:55:18,"where do I even begin with this app? I used them for almost 3 years with no issues until recently.  Somehow my information got leaked and so I asked to close my account. I was in the middle of a transfer so obviously that didn‚Äôt go through so what would you expect next? To get your money refunded back to you, however it has now been almost a week and I have not received my money. I chatted with their ‚Äúcustomer service‚Äù multiple times, sent many different forms of Identification to prove it was me as well as the statements from my bank showing that they sent the transfer to Wise and yet it‚Äôs not enough for them? They also take forever to respond if you send them an email. Their phone service hours are impossible if you live in a different country so you can‚Äôt call them. I ask for them to call me and they can‚Äôt even give me a specific time on when they will. Absolutely horrendous customer service. I threatened to bring my lawyer into this because it‚Äôs a huge sum of money. Once I get it back I‚Äôm NEVER using this app again and I have told all my friends abroad who were using it to quit ASAP.",STAY FAR AWAY.,"{'id': 25902386, 'body': ""Sorry to hear you didn't have the best experience with us. When it comes to refunds, we try to send your money back to you as fast as we can, but there are delivery times for refunds as well. For example, if you have made your payment by card, the refund will happen within 10 working days. That's why your money might not be available right away. Also, if you have reached to let us know you think your account was compromised, we'll need to carry an investigation from our side as well, to make sure we're talking with the account owner and that the refund is issued to the correct account as well. This is all to keep your data and money safe. \nWise."", 'modified': '2021-10-26T11:11:27Z'}"
False,3,TonyShear,2020-02-07 10:45:45,"So I clicked Apple Pay and the screen glitched and it literally charged my first card which was a credit card. I did notify a representative and he told me it‚Äôs possible that I could incur a fee but why should I. The fee is from a US bank but not them. I am disputing this as this wasn‚Äôt the card I wanted and it never let me scroll my cards. Charges have been incurred due to a cash advance fee. I refuse to pay the cash advance fee. I would get someone to look at the Apple app feature even thou I would never ever use it again. Other than that everything else seems to work fine. I just connect my card directly now.

Now for the app and the service of TransferWise I think it‚Äôs great and even thou It started on the wrong foot, I think the idea and the service is wonderful. I spoke to Alan and he walked me through everything and made feel very comfortable. Don‚Äôt take my three stars as for the service which is 5 stars but take the 3 stars for app. The Apple Pay option made me real nervous.",The apple app glitched and charged my first card,"{'id': 13497172, 'body': 'Hi Tony, Thank you for your feedback. \r\n\r\nWe are constantly working on our app and improving the experience for our customers. We appreciate the feedback and in the future if you need to report something such as a bug or the app crashing you can do this from the settings in your app or by reaching out to us at Transferwise.com/contact\r\n\r\n-Ro', 'modified': '2020-02-14T22:13:01Z'}"
False,4,Demingfan1,2022-02-10 18:08:50,"Currently I am using this account for personal finances, not business. 
First of all, let me say that I, as a US customer, love having the ability to have an account where I can convert USD to GBP & Euros. AND to now have a debit card for traveling is fantastic. My husband & I are planning to move to the UK part time in retirement and using Wise will provide me the ability to manage our finances wherever we are.

 Maybe it‚Äôs just me, but I think that because this app is designed by UK banking, the app is not as intuitive as my regular US banking app. For some reason, it‚Äôs difficult to navigate and find the transaction that i want to make even if I‚Äôve done it before. I find myself going to the help section a lot. In addition, there is no way to create a joint account- I am able to add my husband as a ‚Äúhelper‚Äù but he doesn‚Äôt have full joint privileges. He will have full inheritance rites and the ability to use the account, however, I‚Äôm not certain what his limits in using the account are. I had to contact Wise Banking through the help number and they e-mail the form & directions because actual signatures are required - which is fine as these are regulatory safety steps.

I do highly recommend Wise and Wise was recommended to me my dear friend in the UK.  I‚Äôm sure I will learn how to negotiate the app better with time.",Good app but Not As Intuitive for US Customers,
False,5,Brbarlow,2021-09-14 23:37:00,"Half of my family lives in Switzerland so as banking services leapt ahead with technology, it was frustrating to see international money transfers stay in the 1990s during the Age of Venmo. $35 wire transfer fees? No thanks. Visiting a branch? Yeah, how about no. Paying crazy fees for currency conversion when sending money? Outrageous. Downloaded Wise and holy cow, my wishes were granted. It‚Äôs easy! It saves your info. The transfers are fast. It notifies you all along the process. The fees are a fraction of my old wire transfer days‚Ä¶ usually under $10. It was actually so easy that I legit thought I was doing something wrong and sent a small amount as a test and was surprised it actually showed up. Since then, I‚Äôve transferred to various accounts for my family overseas in small amounts and larger amounts and it‚Äôs never been anything besides great.",Amazing,
True,1,Fadious,2020-07-10 05:10:26,"This company took $10k USD from my account and then closed my account without any explanation and customer service does not answer anything on deactivated accounts according to their joke of a customer service line. Don‚Äôt get fooled. This is just a scam company. 
So now they reply to this review by saying that they will refund my money once they do their ¬¥due diligence‚Äô. Why did they not do this due diligence before they took my money. The fact is they did do their due diligence and stole the money. Then you go to their website and it says that they can take up to 90 days to refund the money. So basically, instead of wiring my own money from my account to my other account, they get to keep my cash for three months and I am lucky if I get it back. This is what they have done to all their customers. It is a systematic way. This is the system. This company is the biggest fraud I have personally encountered and hope that people read this review and never use them. I also wish Apple would take this seriously and investigate this fraudulent company.",Scam,"{'id': 16516716, 'body': ""I'm sorry to hear that your account has been deactivated. If you have not already, please follow up with our team by filing an appeal here: https://transferwise.com/appeals. If we're unable to reopen your account, we'll refund your balance once we have completed our due diligence.  \r\n\r\n-Zach\r"", 'modified': '2020-07-10T05:10:26Z'}"
False,1,nickname_nicknamerson,2022-03-10 02:02:40,"If you need to send money abroad, especially to someone in Ukraine who is a war refugee and desperately needs funds to cover basic needs, do not bother to do business with this company. You input all the info, they initiate the transfer, then they decide to verify you without giving any specific reason why, instruct you to look for that info + how to fix it in an email that never arrives, give you unreliable estimates for how long it may take to verify you and then, after a few days of keeping you waiting, they simply cancel the transfer. No reason given whatsoever. Meanwhile your money has been taken out of your account and it will take several business days for it to be returned. Oh, and don‚Äôt bother calling because you will grow old waiting on the line. You may be luckier via chat but the representatives will be absolutely useless and will only give you standard answers that they probably copy and paste from some communication manual they‚Äôre given. Absolute garbage.","Zero transparency, useless money transfer service",
True,1,I Dont Like Wise Anymore,2021-09-18 18:00:57,"TL;DR: Don‚Äôt use this app, you‚Äôll simply waste your time. 0 stars if possible

So I opened a TransferWise account a few month ago to send myself money from my USA account to my Thailand bank accounts. I made the mistake to use apple‚Äôs hide my email feature during sign up. Wise deactivate my account without sending me an email. So when I need to send money I wasn‚Äôt aware my account wasn‚Äôt working until it was too late and I ended up look like an idiot. I might be so who know. Anyways I left a comment and Wise responded saying, I should appeal my account deactivation. Which I did and they kept it shut.

So months later, I‚Äôm opening an account with OpenCollective, a site where my company can publicly receive donations and contractors can request payments from set donations. Turns out that they use Wise to transfer the funds from my company account to my contractors account. I begrudgingly opened a Business account knowing how last time went‚Ä¶. And guess what? My business‚Äô account has been shut down and I don‚Äôt know why and I needed to pay my contractors today. Also no email. I‚Äôll go back to using Remitly. They have helped me for the past few months and I haven‚Äôt had any issue with them. I‚Äôm not endorsing Remitly and this is not a paid add, just look at the review on App Store, Remitly has more downloads and 5 stars, wise is slowing loosing the 5 stars. 

All in all I‚Äôm done, gotta go pay some hardworking men and women. Good day.","2nd Time, Still Not The Charm","{'id': 21990106, 'body': ""Hello there. Sorry to hear you're no longer with us. \n\nLooks like your email and your Apple ID used two different email addresses, and as you can't have two personal accounts with us, one of them had to be closed. It does look like our support team guided you, but you have chosen not to reopen the account. \n\nIf you have remaining balances and your account was closed because it was a duplicate, this can be easily fix and you can get your refund - even if you don't wish to reopen the account. \n\nPlease reach us again by phone or email. "", 'modified': '2021-09-18T18:00:57Z'}"
